0.43607544898986816,0.6326671838760376,1.805143625688288e-07,0.4483118951320648,0.5842797160148621,0.000934990996029228,0.46135634183883667,0.5383932590484619,-0.001048424979671836,0.47186949849128723,0.5039395093917847,-0.004304115194827318,0.477541983127594,0.47523438930511475,-0.00790197029709816,0.4512763023376465,0.5366018414497375,-0.012538693845272064,0.4618127644062042,0.49550938606262207,-0.024810317903757095,0.4697660207748413,0.46765074133872986,-0.03248375654220581,0.4777838885784149,0.4434705972671509,-0.03778187930583954,0.45117390155792236,0.5500303506851196,-0.020889367908239365,0.4608493745326996,0.5121800899505615,-0.033403582870960236,0.47136780619621277,0.48742949962615967,-0.04125210642814636,0.48146769404411316,0.4666211009025574,-0.04637676477432251,0.4547414481639862,0.5723481178283691,-0.028735332190990448,0.4635620415210724,0.5419628620147705,-0.04174397885799408,0.47261130809783936,0.523380696773529,-0.04853508621454239,0.4807452857494354,0.5077937245368958,-0.05260699614882469,0.46155744791030884,0.6003361940383911,-0.0363222099840641,0.4734444320201874,0.5906419157981873,-0.04821215197443962,0.4833615720272064,0.5834720134735107,-0.05322948470711708,0.4938596487045288,0.578004002571106,-0.05607895180583
0.4357336163520813,0.6365107893943787,1.8922332856163848e-07,0.4485466480255127,0.592070996761322,0.0005102087161503732,0.46311214566230774,0.5484297871589661,-0.002252283040434122,0.4750819504261017,0.5168420076370239,-0.006150608882308006,0.4824201464653015,0.493030846118927,-0.010573714040219784,0.4557091295719147,0.5418434143066406,-0.015005252324044704,0.465163916349411,0.49923789501190186,-0.027593757957220078,0.4735589921474457,0.4702274203300476,-0.03538631647825241,0.48190388083457947,0.44632571935653687,-0.04069003835320473,0.4552142918109894,0.5547254085540771,-0.023280179128050804,0.46333304047584534,0.5163741707801819,-0.036013416945934296,0.47554314136505127,0.4920941889286041,-0.04325181990861893,0.48792335391044617,0.472993940114975,-0.047780606895685196,0.45830631256103516,0.5769469738006592,-0.03101617656648159,0.46642768383026123,0.5471913814544678,-0.04385786131024361,0.47686249017715454,0.5283217430114746,-0.05037948116660118,0.48659637570381165,0.5137349367141724,-0.05429966375231743,0.46476390957832336,0.6046392917633057,-0.03853093460202217,0.4771924912929535,0.5949386358261108,-0.05028023570775986,0.4880032539367676,0.587979257106781,-0.05499611422419548,0.4992678165435791,0.5828937292098999,-0.05765761807560921
0.44014132022857666,0.6360498070716858,2.1188299115237896e-07,0.45020994544029236,0.5943612456321716,0.0005269337561912835,0.4659351110458374,0.5536648631095886,-0.0025145476683974266,0.4810473918914795,0.5254212021827698,-0.006533934734761715,0.49195396900177,0.5048695802688599,-0.011242085136473179,0.45955243706703186,0.5396296381950378,-0.016267016530036926,0.47179868817329407,0.49774134159088135,-0.02941497415304184,0.4819543957710266,0.4698556661605835,-0.037763748317956924,0.49109840393066406,0.4484406113624573,-0.0435156524181366,0.4614018201828003,0.5505379438400269,-0.024480445310473442,0.4743870198726654,0.5126849412918091,-0.03700518235564232,0.4885777533054352,0.490156352519989,-0.04507353529334068,0.501738429069519,0.4751787781715393,-0.05050499364733696,0.46559250354766846,0.5711507797241211,-0.03215630352497101,0.47893399000167847,0.54202800989151,-0.04583003371953964,0.4907968044281006,0.5261415839195251,-0.055224061012268066,0.5004080533981323,0.5155158042907715,-0.061612240970134735,0.47221478819847107,0.5985448956489563,-0.039329033344984055,0.4877922832965851,0.6005300879478455,-0.053624026477336884,0.4985487759113312,0.6009114980697632,-0.06134328246116638,0.5081032514572144,0.6020798087120056,-0.06611506640911102
0.44186800718307495,0.6352815628051758,2.429560197469982e-07,0.4496172070503235,0.58852219581604,-0.0006449471111409366,0.46582046151161194,0.5468010902404785,-0.004922922234982252,0.480557918548584,0.5183262825012207,-0.00993429310619831,0.491482675075531,0.498741090297699,-0.015911919996142387,0.4679337441921234,0.534591794013977,-0.01737615279853344,0.48897483944892883,0.5034359693527222,-0.03299693390727043,0.5024951696395874,0.47859278321266174,-0.04395652189850807,0.5131364464759827,0.45820894837379456,-0.05149271339178085,0.47212082147598267,0.550894021987915,-0.025840753689408302,0.49169036746025085,0.5189110636711121,-0.03994433209300041,0.5059869885444641,0.49755942821502686,-0.049543485045433044,0.5184694528579712,0.4783186912536621,-0.056211721152067184,0.4770645201206207,0.5771270394325256,-0.03372863680124283,0.4939842224121094,0.550437331199646,-0.0497722402215004,0.5061383247375488,0.5382372736930847,-0.058181215077638626,0.5158447027206421,0.52678382396698,-0.06343987584114075,0.4834459722042084,0.6107386350631714,-0.04108402878046036,0.5004433393478394,0.6128261089324951,-0.056757852435112,0.5106825828552246,0.614546000957489,-0.06271340698003769,0.519608736038208,0.615203857421875,-0.06586865335702896
0.4904308319091797,0.6614786982536316,3.0150184215926856e-07,0.49267104268074036,0.6115565299987793,-0.005147879011929035,0.5175490379333496,0.5830287337303162,-0.006401090417057276,0.5432029366493225,0.573599100112915,-0.006683054845780134,0.5560170412063599,0.5631406307220459,-0.007572416216135025,0.5557681918144226,0.596828043460846,-0.009896816685795784,0.5935647487640381,0.598082959651947,-0.015070117078721523,0.6179295778274536,0.5993117690086365,-0.018786055967211723,0.6362942457199097,0.60135817527771,-0.02124890126287937,0.5628087520599365,0.6294335722923279,-0.012206333689391613,0.6042470932006836,0.632058322429657,-0.0154632069170475,0.6308491230010986,0.6347073316574097,-0.019348999485373497,0.6507110595703125,0.6397443413734436,-0.022437045350670815,0.561559796333313,0.6608871221542358,-0.014804616570472717,0.5997433662414551,0.6686469912528992,-0.020674314349889755,0.6232324242591858,0.6745478510856628,-0.02593104913830757,0.641232967376709,0.6806347966194153,-0.029550524428486824,0.5541388988494873,0.6893178820610046,-0.017427615821361542,0.579555094242096,0.7047358751296997,-0.024141866713762283,0.5956465601921082,0.7140160202980042,-0.026390552520751953,0.6091563105583191,0.7215961813926697,-0.027310224249958992
0.4957001805305481,0.6944848895072937,2.3918411784507043e-07,0.49529123306274414,0.6415345072746277,-0.005963907577097416,0.518695592880249,0.6066964864730835,-0.008025986142456532,0.5462923049926758,0.5883773565292358,-0.008943128399550915,0.5611216425895691,0.5665561556816101,-0.009816358797252178,0.5643728971481323,0.6206914186477661,-0.00694201048463583,0.6011228561401367,0.6173825860023499,-0.009555155411362648,0.6231452226638794,0.6172670722007751,-0.011803079396486282,0.6396833658218384,0.6179080605506897,-0.013592183589935303,0.5723878741264343,0.6517788171768188,-0.007984929718077183,0.6120924949645996,0.6515238285064697,-0.00778961181640625,0.6360912322998047,0.6536005735397339,-0.009665667079389095,0.6531620621681213,0.6577628254890442,-0.011919448152184486,0.57151859998703,0.6810533404350281,-0.009637677110731602,0.6083173751831055,0.6853545308113098,-0.012409866787493229,0.6301493644714355,0.691299557685852,-0.016742685809731483,0.6462274789810181,0.6973598599433899,-0.02044283039867878,0.5649470090866089,0.707488477230072,-0.011534635908901691,0.589137077331543,0.7197542786598206,-0.015562515705823898,0.6041589379310608,0.7281465530395508,-0.017644675448536873,0.6163516044616699,0.7351179122924805,-0.018932845443487167
0.4929167628288269,0.6974065899848938,2.545442043810908e-07,0.49407848715782166,0.6427716612815857,-0.0039698597975075245,0.5179709196090698,0.6091850399971008,-0.004585102200508118,0.5457912683486938,0.5919060707092285,-0.004538034554570913,0.5613235831260681,0.571014940738678,-0.004537248518317938,0.5637192130088806,0.6207419037818909,-0.00311292870901525,0.6008148789405823,0.6176774501800537,-0.004671374335885048,0.6225940585136414,0.6172019839286804,-0.006430112291127443,0.6389961242675781,0.6185002326965332,-0.007850009948015213,0.571470320224762,0.6515849828720093,-0.004778052214533091,0.6113226413726807,0.6506240963935852,-0.0032670979853719473,0.636010468006134,0.651121973991394,-0.004953333642333746,0.654567301273346,0.65462726354599,-0.007216662168502808,0.5706043243408203,0.6809837818145752,-0.00704497704282403,0.6085909605026245,0.6846801042556763,-0.008880098350346088,0.6312959790229797,0.6892065405845642,-0.013017411343753338,0.6483899354934692,0.6939890384674072,-0.016731372103095055,0.5640054941177368,0.7076926827430725,-0.009453576058149338,0.588880181312561,0.7201525568962097,-0.012688464485108852,0.604103684425354,0.7280991077423096,-0.014320334419608116,0.6166816353797913,0.7345735430717468,-0.015341594815254211
0.4919074773788452,0.6990486979484558,2.457169330227771e-07,0.492341011762619,0.6444464921951294,-0.0033860420808196068,0.5159810781478882,0.6095312833786011,-0.0037645369302481413,0.5443757772445679,0.5910352468490601,-0.003477668622508645,0.5592384934425354,0.5690717697143555,-0.003322323551401496,0.5624188780784607,0.6194857954978943,-0.002590846037492156,0.5997562408447266,0.6161403656005859,-0.003780321916565299,0.6213403940200806,0.6154484748840332,-0.005281010176986456,0.6377057433128357,0.6166467666625977,-0.006561263930052519,0.5709295272827148,0.6502136588096619,-0.004288858734071255,0.6112354397773743,0.6490982174873352,-0.0024643444921821356,0.6353089809417725,0.6494966745376587,-0.0038764493074268103,0.6535853743553162,0.6526673436164856,-0.00604062108322978,0.5705574750900269,0.6795700192451477,-0.006533483043313026,0.6086342334747314,0.6828174591064453,-0.00809029396623373,0.6308782696723938,0.6872361898422241,-0.012077745981514454,0.6475829482078552,0.691912829875946,-0.015822915360331535,0.5642001032829285,0.706026017665863,-0.0088572446256876,0.589019238948822,0.7178274989128113,-0.012079877778887749,0.60396409034729,0.7260699272155762,-0.01375425886362791,0.6163488626480103,0.7327854633331299,-0.014827153645455837
0.4893968403339386,0.7021222710609436,2.559006873070757e-07,0.4902079105377197,0.6456977128982544,-0.0019753461237996817,0.5138819813728333,0.6096472144126892,-0.0021558504085987806,0.5418822169303894,0.5887176990509033,-0.0017663502367213368,0.5570148825645447,0.565576434135437,-0.0013458752073347569,0.5600975751876831,0.6171827912330627,-0.0017582911532372236,0.5991492867469788,0.6144627928733826,-0.0022219079546630383,0.6205632090568542,0.6136413812637329,-0.0028793870005756617,0.6365458369255066,0.6144269704818726,-0.003497449681162834,0.5688634514808655,0.6481549143791199,-0.0038217108231037855,0.6100676655769348,0.646364152431488,-0.001309494487941265,0.6343662738800049,0.646530270576477,-0.0021723946556448936,0.6528474688529968,0.6492342948913574,-0.0038700876757502556,0.568753719329834,0.6783180236816406,-0.006198003888130188,0.6074663400650024,0.680756688117981,-0.006918025203049183,0.6300746202468872,0.6850526928901672,-0.0103520592674613,0.6471254229545593,0.6890082359313965,-0.013696997426450253,0.5627329349517822,0.7054836750030518,-0.008476795628666878,0.5882666707038879,0.7162092924118042,-0.010361147113144398,0.6031900644302368,0.7240127325057983,-0.011084366589784622,0.6154325604438782,0.7298880815505981,-0.011513128876686096
0.4840167760848999,0.7018696665763855,2.427727849863004e-07,0.48351728916168213,0.6463202238082886,-0.0006557569722644985,0.5063591599464417,0.6073114275932312,-4.823714334634133e-05,0.535773754119873,0.5852813720703125,0.0011067889863625169,0.5523474812507629,0.5661491751670837,0.002238854533061385,0.5524011254310608,0.6147519946098328,-0.0030508434865623713,0.5929072499275208,0.6077280640602112,-0.00325731560587883,0.6153520345687866,0.6053484082221985,-0.002925280248746276,0.6321709156036377,0.6042274832725525,-0.002872847719117999,0.5617471933364868,0.6449208855628967,-0.005436026491224766,0.6054897308349609,0.6398011445999146,-0.003141951747238636,0.630716860294342,0.6380571722984314,-0.0030884617008268833,0.6492266654968262,0.6388432383537292,-0.004065998829901218,0.5623288154602051,0.6752988696098328,-0.007895185612142086,0.6032290458679199,0.6747691631317139,-0.008795543573796749,0.6269867420196533,0.6767019033432007,-0.011968754231929779,0.6445303559303284,0.6782885789871216,-0.015137976035475731,0.5569379925727844,0.7039169073104858,-0.010069360956549644,0.5855180025100708,0.7136009335517883,-0.012403744272887707,0.6016949415206909,0.7188271284103394,-0.013485318049788475,0.6147732734680176,0.7218345999717712,-0.014214939437806606
0.4813002943992615,0.7053461074829102,2.748793974660657e-07,0.4814337193965912,0.6478999853134155,-0.0016040336340665817,0.5039477348327637,0.6102827191352844,-0.0021984237246215343,0.5326971411705017,0.5896676182746887,-0.002147935563698411,0.5516730546951294,0.5701611638069153,-0.001872070599347353,0.5497835278511047,0.6134141087532043,-0.004429832566529512,0.5918922424316406,0.6064565777778625,-0.00630873441696167,0.6149402856826782,0.6039213538169861,-0.007063792087137699,0.6321686506271362,0.6031134724617004,-0.007441396359354258,0.5594915151596069,0.6439967751502991,-0.006880378816276789,0.604533314704895,0.63897705078125,-0.0063088941387832165,0.630592942237854,0.6373415589332581,-0.007139207795262337,0.6500406265258789,0.6381421089172363,-0.00840312521904707,0.5606801509857178,0.6750960350036621,-0.00944515224546194,0.6023019552230835,0.6743066906929016,-0.011271574534475803,0.6269289255142212,0.6752461791038513,-0.014214740134775639,0.6453105211257935,0.6759920120239258,-0.016927098855376244,0.5559477210044861,0.7043226957321167,-0.011818592436611652,0.5846108794212341,0.7132493257522583,-0.01399181317538023,0.6016100645065308,0.7183020710945129,-0.014313749969005585,0.6154723167419434,0.7215619087219238,-0.014282520860433578
0.47984442114830017,0.7059952020645142,2.6320674351154594e-07,0.4804728627204895,0.6479490399360657,-0.0005459102685563266,0.5014514327049255,0.6098078489303589,-0.00029405244276858866,0.5302060842514038,0.5879623889923096,0.0005826187552884221,0.5502181053161621,0.5693267583847046,0.0016281631542369723,0.5495715737342834,0.6142050623893738,-0.002673752373084426,0.5911873579025269,0.6057358384132385,-0.003053792053833604,0.6136474609375,0.6031383872032166,-0.0025897903833538294,0.6311790943145752,0.6024845838546753,-0.002233826322481036,0.5592039823532104,0.645199716091156,-0.0047687506303191185,0.6039992570877075,0.6396012902259827,-0.003098589600995183,0.6297353506088257,0.6381535530090332,-0.002972995163872838,0.6493325233459473,0.6389695405960083,-0.0036996311973780394,0.5598675608634949,0.6761108040809631,-0.0069113243371248245,0.6019176840782166,0.6749351024627686,-0.008160312660038471,0.6266797780990601,0.6759074330329895,-0.010882568545639515,0.6454617977142334,0.6762320399284363,-0.01346125453710556,0.5543435215950012,0.7045873403549194,-0.00868292897939682,0.5839757919311523,0.7130476832389832,-0.010468600317835808,0.6006608605384827,0.7183821201324463,-0.010733494535088539,0.6144129633903503,0.7214978337287903,-0.010740474797785282
0.47676724195480347,0.7064340710639954,2.550140152379754e-07,0.4769114851951599,0.6492338180541992,7.085977267706767e-05,0.49824339151382446,0.610709547996521,7.8969904279802e-05,0.5269168019294739,0.588374674320221,0.0005637378781102598,0.5475209355354309,0.5706019997596741,0.00115793920122087,0.5452737808227539,0.6133279800415039,-0.00387348304502666,0.5885435938835144,0.6044921875,-0.004806025885045528,0.611519992351532,0.6014966368675232,-0.0044763595797121525,0.6290751099586487,0.6004863977432251,-0.004140003584325314,0.554969847202301,0.6445414423942566,-0.0064914715476334095,0.6009112000465393,0.6373188495635986,-0.005005524028092623,0.626690149307251,0.6344179511070251,-0.004960678052157164,0.6461803317070007,0.6343486309051514,-0.005834359675645828,0.5560292601585388,0.675833523273468,-0.008988335728645325,0.5994378924369812,0.6740968823432922,-0.010323445312678814,0.6244751811027527,0.6742094159126282,-0.013001018203794956,0.6431747078895569,0.6741027235984802,-0.01566343568265438,0.5510923862457275,0.7046457529067993,-0.011042176745831966,0.5812592506408691,0.712318480014801,-0.013139674440026283,0.5984290242195129,0.7164027690887451,-0.013550644740462303,0.6124978065490723,0.7184355854988098,-0.013683325611054897
0.47466424107551575,0.7070878744125366,2.5404756343050394e-07,0.47561678290367126,0.6493682861328125,0.0014781594509258866,0.4967542588710785,0.6109756231307983,0.0025530809070914984,0.524228572845459,0.590906023979187,0.004082178696990013,0.5443121790885925,0.5780162215232849,0.00554216792806983,0.5443346500396729,0.6126477122306824,-0.003950091078877449,0.5874859094619751,0.6041722297668457,-0.004637839738279581,0.6107751131057739,0.6012760400772095,-0.003805413143709302,0.6282340884208679,0.6006541848182678,-0.003037316957488656,0.5541873574256897,0.6441788673400879,-0.006827829871326685,0.6001618504524231,0.6374415755271912,-0.005905694793909788,0.6263840198516846,0.6355003714561462,-0.005436232313513756,0.6461864113807678,0.6360816955566406,-0.005585216451436281,0.5552964210510254,0.675808310508728,-0.00936575885862112,0.5977346301078796,0.6737063527107239,-0.011229441501200199,0.62311851978302,0.6735944151878357,-0.013832597993314266,0.6421184539794922,0.6731454730033875,-0.016022980213165283,0.549767255783081,0.7045162916183472,-0.011252866126596928,0.579576849937439,0.7118373513221741,-0.013390687294304371,0.5968735814094543,0.7157381772994995,-0.013579807244241238,0.6109651327133179,0.7177863717079163,-0.01332434918731451
0.4744516611099243,0.7069146037101746,2.5737207920428773e-07,0.47529634833335876,0.6499569416046143,-1.861960299720522e-05,0.49572643637657166,0.6105281114578247,-0.0005298170726746321,0.5220006108283997,0.5871720314025879,-0.0005369032733142376,0.5424822568893433,0.5714254975318909,-0.00047022567014209926,0.5426204800605774,0.6131811141967773,-0.005755916237831116,0.5855921506881714,0.6042412519454956,-0.007523809559643269,0.6088342070579529,0.6004959940910339,-0.007434126455336809,0.6267716288566589,0.5988582372665405,-0.0071909320540726185,0.5521474480628967,0.6444184184074402,-0.008573153987526894,0.5985565185546875,0.6373550295829773,-0.008154386654496193,0.6248331665992737,0.6344365477561951,-0.008201376534998417,0.6449450254440308,0.6340574026107788,-0.008988883346319199,0.5533356666564941,0.6758553385734558,-0.011146564967930317,0.596041738986969,0.6736334562301636,-0.013251849450170994,0.6210691332817078,0.6733864545822144,-0.015603885985910892,0.6397747993469238,0.6730599999427795,-0.017795655876398087,0.548566460609436,0.7047823071479797,-0.013247568160295486,0.5783722996711731,0.710797905921936,-0.015545929782092571,0.5952427983283997,0.7145945429801941,-0.015470018610358238,0.6088612079620361,0.716533899307251,-0.015129679813981056
0.4693913459777832,0.7078705430030823,2.612528930967528e-07,0.4684443473815918,0.6521456241607666,-1.3916685929871164e-05,0.4886361360549927,0.6110692620277405,-4.073918717040215e-06,0.5162122249603271,0.587096095085144,0.00037167876143939793,0.536983847618103,0.5701943635940552,0.0007920281495898962,0.5375344157218933,0.6127556562423706,-0.00367553043179214,0.5809599757194519,0.6029977798461914,-0.005020264070481062,0.604526698589325,0.5981268882751465,-0.00530471233651042,0.6225906014442444,0.5957198739051819,-0.005466568283736706,0.5470502376556396,0.6436209678649902,-0.006644987501204014,0.5937809944152832,0.6346378922462463,-0.0055489069782197475,0.620847225189209,0.6302496790885925,-0.006216053385287523,0.6414814591407776,0.6292031407356262,-0.0076510002836585045,0.5480952858924866,0.6747175455093384,-0.009564701467752457,0.5922002792358398,0.6721181869506836,-0.01124382484704256,0.6177768111228943,0.6715849041938782,-0.014519821852445602,0.6369924545288086,0.6708153486251831,-0.017641540616750717,0.5435037016868591,0.7038080096244812,-0.012077704071998596,0.5739163160324097,0.7100309133529663,-0.01463745441287756,0.5911993384361267,0.7133578658103943,-0.015396619215607643,0.6055393815040588,0.7148144245147705,-0.015810366719961166
0.467202752828598,0.7092920541763306,2.6574323896966234e-07,0.466661274433136,0.653003990650177,-9.647499246057123e-05,0.4871841371059418,0.6117527484893799,3.212856245227158e-05,0.5135928988456726,0.5874068140983582,0.0004306175687815994,0.5338169932365417,0.5694361329078674,0.0009216981125064194,0.5360932350158691,0.6130296587944031,-0.0029016563203185797,0.5791391134262085,0.6020503640174866,-0.004124671686440706,0.6023781299591064,0.5975127816200256,-0.004377156030386686,0.6200742125511169,0.5956246256828308,-0.004535251762717962,0.5462824702262878,0.6437097787857056,-0.005973451770842075,0.5929374694824219,0.6344788074493408,-0.005233839154243469,0.6202863454818726,0.6303662061691284,-0.006139358505606651,0.640956461429596,0.6300692558288574,-0.007524815388023853,0.5477327704429626,0.6752610802650452,-0.00903575960546732,0.5920607447624207,0.6715562343597412,-0.010945155285298824,0.6176835894584656,0.6708333492279053,-0.014091257005929947,0.6369634866714478,0.670260488986969,-0.016902226954698563,0.5432526469230652,0.7050650715827942,-0.011708814650774002,0.5740653872489929,0.711196780204773,-0.014115821570158005,0.5917786359786987,0.7139787673950195,-0.014592588879168034,0.606431245803833,0.715128481388092,-0.014708803966641426
0.4658661484718323,0.7123833894729614,2.768859417301428e-07,0.46578627824783325,0.6550102829933167,-0.0012873065425083041,0.48638275265693665,0.6135505437850952,-0.0022051632404327393,0.5131224393844604,0.5882657170295715,-0.002566414652392268,0.5336094498634338,0.5690949559211731,-0.0027348240837454796,0.5345966219902039,0.6139178276062012,-0.004998054355382919,0.5780414938926697,0.6030270457267761,-0.007337238173931837,0.6015462875366211,0.5983370542526245,-0.008180946111679077,0.6197284460067749,0.5963894724845886,-0.008635766804218292,0.5448781847953796,0.6452327966690063,-0.00782305933535099,0.5920693874359131,0.635640561580658,-0.008104323409497738,0.6197776794433594,0.6309338212013245,-0.009422624483704567,0.6409997940063477,0.62995445728302,-0.011045962572097778,0.5463845729827881,0.6770559549331665,-0.010646646842360497,0.5910332798957825,0.6728869676589966,-0.013364038430154324,0.6166483759880066,0.6713758707046509,-0.016460340470075607,0.6359593868255615,0.6700114011764526,-0.019127441570162773,0.5419292449951172,0.7067925333976746,-0.01315027754753828,0.5724958181381226,0.7120137214660645,-0.016072768718004227,0.5901491641998291,0.7144890427589417,-0.016440099105238914,0.6048370599746704,0.7152711749076843,-0.016359087079763412
0.4639376997947693,0.7140148282051086,2.7593742402132193e-07,0.4645616114139557,0.657356321811676,-0.001809772802516818,0.48526647686958313,0.6158461570739746,-0.003340760013088584,0.5112631320953369,0.5895353555679321,-0.004441287834197283,0.5322096347808838,0.5697476267814636,-0.005232200026512146,0.5337600708007812,0.6158913969993591,-0.0049294717609882355,0.5768994688987732,0.6039814352989197,-0.007833671756088734,0.5999982953071594,0.5999826788902283,-0.009226835332810879,0.6177922487258911,0.5993887782096863,-0.009993482381105423,0.5441667437553406,0.6463297009468079,-0.00789469014853239,0.5912434458732605,0.6362439393997192,-0.008216292597353458,0.6188178658485413,0.6320152878761292,-0.009476934559643269,0.6401119232177734,0.6314734220504761,-0.011120048351585865,0.5457844734191895,0.6778280138969421,-0.0110582634806633,0.5899473428726196,0.6740855574607849,-0.013668364845216274,0.6154305934906006,0.6729657649993896,-0.01623821072280407,0.6346352100372314,0.6718246340751648,-0.018593575805425644,0.5415415167808533,0.7079792022705078,-0.014065035618841648,0.5729024410247803,0.7127014398574829,-0.016500046476721764,0.5907352566719055,0.7151780128479004,-0.01617824099957943,0.6050532460212708,0.7157487273216248,-0.01569255441427231
0.4611588418483734,0.7213603258132935,2.7270459668216063e-07,0.46159598231315613,0.6657198071479797,-0.00099457788746804,0.48177704215049744,0.6233636140823364,-0.0024337638169527054,0.5075665712356567,0.5975340008735657,-0.0033507689367979765,0.5286598205566406,0.5819176435470581,-0.00393590098246932,0.5307626128196716,0.6233136057853699,-0.006270457524806261,0.5752137303352356,0.6109174489974976,-0.009225036948919296,0.5990935564041138,0.6065109968185425,-0.010279184207320213,0.6175638437271118,0.6048383116722107,-0.010751716792583466,0.541244626045227,0.6537472009658813,-0.009361938573420048,0.5900436043739319,0.6437914967536926,-0.009872304275631905,0.6178144216537476,0.6390601396560669,-0.010613689199090004,0.6386938095092773,0.6378819942474365,-0.011805777437984943,0.5429632663726807,0.6854729056358337,-0.012357343919575214,0.5874277949333191,0.6825504899024963,-0.014507041312754154,0.6137587428092957,0.6810604333877563,-0.016485746949911118,0.6330076456069946,0.6803522706031799,-0.01846618950366974,0.5384225249290466,0.7154743075370789,-0.015139496885240078,0.5692391991615295,0.7205255627632141,-0.017140941694378853,0.5879496335983276,0.7229613065719604,-0.016573691740632057,0.6032545566558838,0.7241547107696533,-0.015933843329548836
0.46066567301750183,0.7219904065132141,2.804013377044612e-07,0.4620884358882904,0.6646563410758972,-0.00048163888277485967,0.4827970266342163,0.6243568658828735,-0.0016263553407043219,0.509060800075531,0.6021992564201355,-0.0023594512604177,0.5298779010772705,0.587259829044342,-0.0030256209429353476,0.5293169617652893,0.6231271624565125,-0.007001757156103849,0.5750212669372559,0.6111166477203369,-0.010391637682914734,0.5995373725891113,0.60623699426651,-0.011680735275149345,0.6180459260940552,0.6041930913925171,-0.012319456785917282,0.5395328402519226,0.6542701721191406,-0.01056795846670866,0.5887917876243591,0.64430171251297,-0.011555686593055725,0.6171242594718933,0.640029788017273,-0.012783011421561241,0.6384907960891724,0.6390376687049866,-0.014344335533678532,0.5413296818733215,0.6866888403892517,-0.013958072289824486,0.5873719453811646,0.6829873919487,-0.016974903643131256,0.6137570142745972,0.6819226145744324,-0.01953430287539959,0.63335782289505,0.680842936038971,-0.02184634655714035,0.5372195243835449,0.7174057960510254,-0.01698865182697773,0.5694629549980164,0.7217010855674744,-0.01998887211084366,0.5881761908531189,0.7234728336334229,-0.01993269845843315,0.6033999919891357,0.7235969305038452,-0.019565297290682793
0.4611469507217407,0.7246333956718445,3.0421165320149157e-07,0.4612250328063965,0.6671361327171326,-0.0028254452627152205,0.48250383138656616,0.6252326369285583,-0.004765755031257868,0.5103431344032288,0.6002897620201111,-0.005760514177381992,0.5314114689826965,0.5818870067596436,-0.006454716436564922,0.5297922492027283,0.6244112253189087,-0.007946167141199112,0.575874388217926,0.6123089790344238,-0.011227955110371113,0.5998741388320923,0.6072799563407898,-0.012520220130681992,0.6183106899261475,0.6052237749099731,-0.013119841925799847,0.539381742477417,0.6563756465911865,-0.010110453702509403,0.5890258550643921,0.6454053521156311,-0.01122428011149168,0.6177210807800293,0.6406769752502441,-0.01266547292470932,0.6396462321281433,0.6398243308067322,-0.014375865459442139,0.5404784083366394,0.688209056854248,-0.012307016178965569,0.5871437788009644,0.6842598915100098,-0.015704650431871414,0.6141797304153442,0.6833498477935791,-0.01903415471315384,0.6344025135040283,0.6826573014259338,-0.021802065894007683,0.5362716317176819,0.7171894311904907,-0.014266074635088444,0.5684258937835693,0.7220817804336548,-0.017671940848231316,0.5869094133377075,0.724861204624176,-0.018250860273838043,0.602195143699646,0.7259362936019897,-0.018315112218260765
0.45629534125328064,0.7251927852630615,2.832977656908042e-07,0.45771121978759766,0.6684154868125916,0.0005610169027931988,0.47917717695236206,0.6268642544746399,0.0001381278270855546,0.5054448246955872,0.6013203263282776,8.202306162274908e-06,0.5258930921554565,0.5827587842941284,-0.00010972579912049696,0.5266878604888916,0.6258730888366699,-0.004970199894160032,0.5729065537452698,0.6138855814933777,-0.00717879319563508,0.5972777605056763,0.6088929176330566,-0.007677352987229824,0.6162089705467224,0.6065198183059692,-0.007847917266190052,0.5362476110458374,0.657496988773346,-0.00853763148188591,0.5862435698509216,0.6478090286254883,-0.008395886979997158,0.6152031421661377,0.6431297063827515,-0.00911742728203535,0.6375327110290527,0.6417866945266724,-0.010579836554825306,0.5371854901313782,0.689691424369812,-0.011898827739059925,0.5827924013137817,0.6865772008895874,-0.013962691649794579,0.6103065013885498,0.6847561001777649,-0.016858350485563278,0.6311830282211304,0.6828098297119141,-0.019714558497071266,0.5324980616569519,0.719482421875,-0.014788435772061348,0.5647478699684143,0.7246567606925964,-0.017185231670737267,0.5838881134986877,0.727206289768219,-0.01747988723218441,0.600134551525116,0.7276977896690369,-0.017660845071077347
0.4568505883216858,0.726631760597229,2.844082871433784e-07,0.4569198489189148,0.6692420840263367,-0.0014442232204601169,0.4784594178199768,0.6276791095733643,-0.002881776774302125,0.5057144165039062,0.602533757686615,-0.0036159700248390436,0.5252701044082642,0.5833158493041992,-0.004186621867120266,0.5258965492248535,0.6251576542854309,-0.007797186262905598,0.571995735168457,0.612460732460022,-0.010963651351630688,0.5968073606491089,0.6077407002449036,-0.011998402886092663,0.6157983541488647,0.6061108708381653,-0.012478346936404705,0.5357009172439575,0.6569172143936157,-0.010592116974294186,0.585139811038971,0.6468487977981567,-0.011294292286038399,0.6137728691101074,0.6423285007476807,-0.012405253946781158,0.6357412934303284,0.6412844061851501,-0.014056461863219738,0.5372916460037231,0.6895022392272949,-0.013268115930259228,0.5833523273468018,0.6858107447624207,-0.01628894917666912,0.610368013381958,0.6842875480651855,-0.019472194835543633,0.6306067705154419,0.6830277442932129,-0.0223360788077116,0.5335962176322937,0.7196800708770752,-0.015627365559339523,0.5663310289382935,0.7251022458076477,-0.019039232283830643,0.5854299664497375,0.7275153994560242,-0.019924882799386978,0.6012115478515625,0.7279665470123291,-0.02029254101216793
0.4562422037124634,0.7296079397201538,2.9801995538036863e-07,0.4560488760471344,0.6715268492698669,-0.0014978059334680438,0.4768914580345154,0.6282997727394104,-0.002610607072710991,0.5048618912696838,0.6029750108718872,-0.0030645933002233505,0.5264769792556763,0.5855877995491028,-0.003304640529677272,0.5255401134490967,0.6269037127494812,-0.0058537619188427925,0.5716200470924377,0.6136890053749084,-0.00864351075142622,0.5958210229873657,0.6085079312324524,-0.009805168956518173,0.6146730184555054,0.6063855886459351,-0.010440618731081486,0.5352991819381714,0.6593515872955322,-0.008484157733619213,0.5847827196121216,0.6479473114013672,-0.00912270788103342,0.6139606237411499,0.6426258683204651,-0.010607084259390831,0.6365125179290771,0.6410109400749207,-0.01251921709626913,0.5363801121711731,0.6917273998260498,-0.011160159483551979,0.5823671817779541,0.6876080632209778,-0.014347177930176258,0.6096945405006409,0.6854294538497925,-0.01797659322619438,0.6305657029151917,0.6830939650535583,-0.02106216736137867,0.5321193933486938,0.7214839458465576,-0.01350376382470131,0.5649833083152771,0.7265846729278564,-0.016948401927947998,0.5842417478561401,0.7283375263214111,-0.017993424087762833,0.600742518901825,0.7280109524726868,-0.01851956732571125
0.45484960079193115,0.7293829321861267,2.9624283115481376e-07,0.4556460976600647,0.6721303462982178,-0.0021697322372347116,0.47750064730644226,0.6295743584632874,-0.0043315589427948,0.5049493908882141,0.603938102722168,-0.005785147659480572,0.525007426738739,0.5842615365982056,-0.0070604304783046246,0.5248522162437439,0.6282607316970825,-0.008742737583816051,0.5714407563209534,0.6148133873939514,-0.012714783661067486,0.596348762512207,0.6095571517944336,-0.014348790980875492,0.6154971718788147,0.6076391339302063,-0.015201397240161896,0.5343568921089172,0.6596158146858215,-0.011691972613334656,0.5845440626144409,0.6487665772438049,-0.01309501938521862,0.6135495901107788,0.6437954306602478,-0.014353219419717789,0.6357419490814209,0.6425560116767883,-0.01607768051326275,0.5356982350349426,0.6918354034423828,-0.014647705480456352,0.5821272134780884,0.6884704828262329,-0.01789587177336216,0.609423041343689,0.6863542199134827,-0.02076108753681183,0.6299892067909241,0.6846182346343994,-0.023449646309018135,0.5319129824638367,0.7222140431404114,-0.01741921529173851,0.5645359754562378,0.7274051308631897,-0.020722385495901108,0.5840221047401428,0.7290847897529602,-0.021294893696904182,0.60037761926651,0.7289674878120422,-0.021527718752622604
0.4544703960418701,0.7285281419754028,2.992091765463556e-07,0.4554157257080078,0.671912431716919,-0.0022763079032301903,0.4761984646320343,0.6305325031280518,-0.004813404753804207,0.5033084750175476,0.604957640171051,-0.006535664200782776,0.5245124101638794,0.5864758491516113,-0.008189571090042591,0.523378849029541,0.6289210915565491,-0.010213018395006657,0.5703597664833069,0.6156651973724365,-0.014585409313440323,0.5957651734352112,0.6099346876144409,-0.016250066459178925,0.6152498126029968,0.6072729825973511,-0.017037147656083107,0.5334718227386475,0.6609660387039185,-0.012923600152134895,0.584028422832489,0.6505622267723083,-0.014874007552862167,0.6134148836135864,0.6451703906059265,-0.016401266679167747,0.6357547044754028,0.643186628818512,-0.01824237033724785,0.5352718830108643,0.6934025883674622,-0.015491931699216366,0.5816842317581177,0.6885977387428284,-0.01926773227751255,0.6093835830688477,0.6862087249755859,-0.022552167996764183,0.6301226019859314,0.6843515634536743,-0.02540310099720955,0.5314981937408447,0.7230340838432312,-0.017776407301425934,0.5640994906425476,0.7278200387954712,-0.021580679342150688,0.5837478637695312,0.7297675013542175,-0.022545667365193367,0.6001554727554321,0.7300665378570557,-0.022937703877687454
0.4541977643966675,0.7278507947921753,2.974878441364126e-07,0.455255925655365,0.6706387996673584,-0.0011005576234310865,0.47784343361854553,0.6289172172546387,-0.0028228419832885265,0.5053859353065491,0.6036229133605957,-0.0037708375602960587,0.5241882801055908,0.5826399326324463,-0.004790639970451593,0.5223174691200256,0.6284050345420837,-0.010590274818241596,0.5696830749511719,0.6154729127883911,-0.014539248310029507,0.5950719714164734,0.6101566553115845,-0.01549251563847065,0.6143983602523804,0.60816490650177,-0.01577039249241352,0.5323830842971802,0.6606850624084473,-0.01369190402328968,0.5836607813835144,0.6501381993293762,-0.015691561624407768,0.6134133338928223,0.6447557806968689,-0.01696019247174263,0.6358607411384583,0.6429357528686523,-0.018561847507953644,0.5342847108840942,0.6931003332138062,-0.016376886516809464,0.5818888545036316,0.6884979009628296,-0.020389962941408157,0.6097012758255005,0.6866967082023621,-0.023612013086676598,0.6304324865341187,0.6853956580162048,-0.02634546160697937,0.5305815935134888,0.7225264310836792,-0.018576886504888535,0.5639888644218445,0.7268945574760437,-0.022951027378439903,0.5837368369102478,0.7293888330459595,-0.024083353579044342,0.5999876260757446,0.7299655675888062,-0.024521920830011368
0.4542202949523926,0.7279354333877563,2.9905004339525476e-07,0.45515966415405273,0.6706786155700684,-0.0012463077437132597,0.47801896929740906,0.6287878155708313,-0.0029512092005461454,0.5057786107063293,0.6033577919006348,-0.003850616980344057,0.5242916345596313,0.5814880132675171,-0.004849318414926529,0.5222721695899963,0.6283301115036011,-0.010641835629940033,0.56965172290802,0.6153913736343384,-0.014634152874350548,0.5952039361000061,0.6101996302604675,-0.01572287455201149,0.614669919013977,0.6082923412322998,-0.016111040487885475,0.5323824882507324,0.6606284976005554,-0.013718156144022942,0.5836573243141174,0.6501445770263672,-0.015590697526931763,0.6134037971496582,0.6448773741722107,-0.016864096745848656,0.6358274221420288,0.6430009007453918,-0.018508361652493477,0.5343353748321533,0.6930879950523376,-0.016407201066613197,0.5818465352058411,0.6883148550987244,-0.020371468737721443,0.6097373366355896,0.6865597367286682,-0.023656431585550308,0.6305118203163147,0.685294508934021,-0.02647358737885952,0.5307361483573914,0.7225958704948425,-0.0186303723603487,0.564081072807312,0.7266656160354614,-0.023091774433851242,0.5837229490280151,0.7292331457138062,-0.02427801862359047,0.5998253226280212,0.7298480272293091,-0.02475758269429207
0.4484115242958069,0.7252219319343567,2.842751882781158e-07,0.4519580602645874,0.6692289710044861,0.001017560949549079,0.47657057642936707,0.6281639933586121,0.0004910227144137025,0.5037464499473572,0.60256028175354,0.00014687632210552692,0.5213881731033325,0.5782382488250732,-0.0005304167862050235,0.519114077091217,0.6275659203529358,-0.00724659813567996,0.5654136538505554,0.6153634190559387,-0.011425069533288479,0.5916182398796082,0.6098543405532837,-0.013394234701991081,0.612111508846283,0.6072309017181396,-0.014507053419947624,0.5274268388748169,0.6582862138748169,-0.01163831353187561,0.5779137015342712,0.6498381495475769,-0.013185194693505764,0.607702910900116,0.6448470950126648,-0.014717266894876957,0.6305742263793945,0.643074631690979,-0.0168219693005085,0.5281972289085388,0.6904305815696716,-0.015754759311676025,0.5761802792549133,0.6881691217422485,-0.01938401721417904,0.6051929593086243,0.6862271428108215,-0.02298443391919136,0.62726891040802,0.6845547556877136,-0.02633250690996647,0.5238635540008545,0.7206979990005493,-0.019330279901623726,0.5586128830909729,0.7274537086486816,-0.02366706356406212,0.5793794989585876,0.7301115393638611,-0.025256920605897903,0.5968623757362366,0.7306491136550903,-0.026301244273781776
0.4471547305583954,0.7236870527267456,2.787871551390708e-07,0.4535593092441559,0.6683126091957092,0.002135328948497772,0.4814109802246094,0.6286670565605164,0.0020482148975133896,0.5070375204086304,0.6029622554779053,0.0022475270088762045,0.5200676918029785,0.5768622756004333,0.0018279771320521832,0.5175288915634155,0.6266963481903076,-0.01034246850758791,0.5644431710243225,0.6165049076080322,-0.015143011696636677,0.591140866279602,0.611189067363739,-0.016901861876249313,0.611135721206665,0.6086629629135132,-0.017728660255670547,0.5245292782783508,0.6583935618400574,-0.015271083451807499,0.576820969581604,0.6504626870155334,-0.017635172232985497,0.6076114773750305,0.6460368037223816,-0.018849968910217285,0.630638837814331,0.6444848775863647,-0.020570412278175354,0.5251866579055786,0.6912542581558228,-0.019447706639766693,0.5754796266555786,0.6886428594589233,-0.02385532110929489,0.6046976447105408,0.6872973442077637,-0.027168462052941322,0.6268280148506165,0.6862722039222717,-0.03015877678990364,0.5211858749389648,0.721274197101593,-0.02282862365245819,0.5567559003829956,0.7282389998435974,-0.028478380292654037,0.5776879191398621,0.7320627570152283,-0.030313216149806976,0.5950067043304443,0.7337316274642944,-0.03130664303898811
0.4425360858440399,0.7236478328704834,2.5727570118760923e-07,0.45073986053466797,0.6696892976760864,0.004258488304913044,0.47869014739990234,0.6308537125587463,0.0048308647237718105,0.5047882795333862,0.6051366925239563,0.005136745050549507,0.5179190039634705,0.578652024269104,0.0047518122009932995,0.515494704246521,0.6296277046203613,-0.007469007279723883,0.5608999133110046,0.6185471415519714,-0.01244132500141859,0.5873699188232422,0.612680196762085,-0.014742108061909676,0.6079472303390503,0.6090643405914307,-0.01617935299873352,0.5214237570762634,0.6592174172401428,-0.013792249374091625,0.5722054243087769,0.6516917943954468,-0.016487913206219673,0.6024218201637268,0.6473263502120972,-0.018263299018144608,0.6257628798484802,0.645422637462616,-0.02047617733478546,0.5211616158485413,0.6917159557342529,-0.01940522901713848,0.5697821378707886,0.6912415623664856,-0.02406986989080906,0.599134624004364,0.6903244853019714,-0.027766047045588493,0.6225069165229797,0.6891298294067383,-0.03109639883041382,0.516311764717102,0.7230868935585022,-0.024113399907946587,0.5516356825828552,0.7310137748718262,-0.02948114275932312,0.572884202003479,0.7346519231796265,-0.031448520720005035,0.5918177366256714,0.7362374067306519,-0.03275943920016289
0.43886053562164307,0.7234267592430115,2.669394518761692e-07,0.448688268661499,0.669346809387207,0.0036505404859781265,0.4780006408691406,0.6300280094146729,0.0033956256229430437,0.5045549273490906,0.6037982702255249,0.0030134289991110563,0.5165616869926453,0.5768367052078247,0.0018449079943820834,0.5111084580421448,0.6293242573738098,-0.010202458128333092,0.5570015907287598,0.6199821829795837,-0.016204839572310448,0.584001362323761,0.6143679618835449,-0.019282059744000435,0.6048439145088196,0.6106311678886414,-0.021234862506389618,0.5166951417922974,0.6600149869918823,-0.0165359228849411,0.5681985020637512,0.6531272530555725,-0.019758235663175583,0.5987278819084167,0.6487383246421814,-0.021875513717532158,0.6219529509544373,0.6467061042785645,-0.024465644732117653,0.516526997089386,0.6932616233825684,-0.02201078273355961,0.5657000541687012,0.6925488114356995,-0.026818126440048218,0.5954145193099976,0.6918179988861084,-0.030451176688075066,0.6187238693237305,0.6910529732704163,-0.03390685096383095,0.5121141672134399,0.7248724102973938,-0.026628613471984863,0.5478252172470093,0.7325172424316406,-0.03229815512895584,0.5694743394851685,0.7364562749862671,-0.03435651212930679,0.5887033343315125,0.7384654879570007,-0.035778917372226715
0.4248303472995758,0.7278626561164856,2.6185418278146244e-07,0.43928372859954834,0.6748796105384827,0.0005093709332868457,0.4702683687210083,0.6342693567276001,-0.002648748457431793,0.49604254961013794,0.6066462993621826,-0.005849309731274843,0.5102035999298096,0.5794239640235901,-0.009216808713972569,0.4903934597969055,0.6295034289360046,-0.015679771080613136,0.5373477935791016,0.6146475672721863,-0.025587735697627068,0.5648391246795654,0.6091802716255188,-0.030405009165406227,0.5861819386482239,0.6054934859275818,-0.03332934528589249,0.49409219622612,0.6575652956962585,-0.022160928696393967,0.5445035099983215,0.6477248072624207,-0.030539076775312424,0.5756117105484009,0.6446893215179443,-0.034825943410396576,0.5996313095092773,0.6442466974258423,-0.0384390652179718,0.494022399187088,0.6896142363548279,-0.028065813705325127,0.5412420034408569,0.6868308186531067,-0.037033602595329285,0.5719393491744995,0.6870089769363403,-0.04194718599319458,0.5964930057525635,0.6869246363639832,-0.045828886330127716,0.4910975694656372,0.72198486328125,-0.03337840735912323,0.5266537070274353,0.730749249458313,-0.04203362017869949,0.5485031008720398,0.736562967300415,-0.04568295180797577,0.5686065554618835,0.7404059767723083,-0.04813509061932564
0.4226904809474945,0.7273115515708923,3.0674897288918146e-07,0.4387303590774536,0.673943281173706,0.0008737841271795332,0.4687439799308777,0.6334768533706665,-0.0021322749089449644,0.49335968494415283,0.6069145798683167,-0.005215682554990053,0.507358729839325,0.5826729536056519,-0.008503353223204613,0.48606646060943604,0.6284151077270508,-0.016507457941770554,0.532129168510437,0.6155480742454529,-0.027402495965361595,0.5599892139434814,0.6091539263725281,-0.033305488526821136,0.5818206667900085,0.604820966720581,-0.036837995052337646,0.4877657890319824,0.6562716364860535,-0.022970877587795258,0.5371181964874268,0.646428644657135,-0.03232289478182793,0.5681396722793579,0.641530454158783,-0.036956291645765305,0.5923394560813904,0.6395138502120972,-0.04076309874653816,0.4872865378856659,0.687781810760498,-0.028758645057678223,0.5334286689758301,0.6854167580604553,-0.038582224398851395,0.5634335279464722,0.684141993522644,-0.043270520865917206,0.5872374773025513,0.682805597782135,-0.04665210470557213,0.4852050840854645,0.719594419002533,-0.033926136791706085,0.5209604501724243,0.7278712391853333,-0.04275587573647499,0.5421880483627319,0.734087347984314,-0.04595177620649338,0.5611198544502258,0.7383443713188171,-0.047870997339487076
0.4203003942966461,0.7255903482437134,3.195262650024233e-07,0.43620413541793823,0.6744369268417358,-0.0009611093555577099,0.4651956558227539,0.63409024477005,-0.005279377568513155,0.48962923884391785,0.6064857244491577,-0.00943971797823906,0.5053427219390869,0.581314742565155,-0.013662935234606266,0.479404479265213,0.630639374256134,-0.018687807023525238,0.5249840617179871,0.6148852109909058,-0.030623776838183403,0.5526220798492432,0.6071890592575073,-0.037114422768354416,0.5747554302215576,0.6019468307495117,-0.041021641343832016,0.4815538823604584,0.6568391919136047,-0.02469547465443611,0.5302802324295044,0.6456785798072815,-0.03525404632091522,0.5610121488571167,0.6391564011573792,-0.04073028266429901,0.5851930379867554,0.636157214641571,-0.04505351930856705,0.48172664642333984,0.6869641542434692,-0.03012385591864586,0.526877760887146,0.6855030059814453,-0.04086420685052872,0.5563192963600159,0.6832698583602905,-0.04593311995267868,0.5798686146736145,0.6812013387680054,-0.04953071102499962,0.4802364110946655,0.7180677056312561,-0.0351075753569603,0.5151602029800415,0.7271057963371277,-0.0446009524166584,0.5359540581703186,0.73288494348526,-0.048078473657369614,0.5547589063644409,0.7367644906044006,-0.05017457529902458
0.419079065322876,0.7234420776367188,3.196054478848964e-07,0.4355508089065552,0.6729826927185059,-0.001046953722834587,0.4659823477268219,0.6329221725463867,-0.005267926957458258,0.4915848672389984,0.6049800515174866,-0.009243326261639595,0.503110408782959,0.5759461522102356,-0.013137564063072205,0.4759453535079956,0.6283993721008301,-0.018585722893476486,0.5202818512916565,0.6132832169532776,-0.030427617952227592,0.5472651720046997,0.6056336760520935,-0.03690357878804207,0.5687065720558167,0.5995807647705078,-0.04092001914978027,0.47651025652885437,0.6546051502227783,-0.024758758023381233,0.5246385931968689,0.6434844732284546,-0.03563087061047554,0.5547295808792114,0.6376451849937439,-0.04088173806667328,0.5779403448104858,0.6346712112426758,-0.04494881629943848,0.47550827264785767,0.6853594779968262,-0.030394693836569786,0.5212880373001099,0.6829925179481506,-0.04160282760858536,0.5503406524658203,0.6814063787460327,-0.04619232192635536,0.5732319355010986,0.6793745160102844,-0.04928867891430855,0.4736238718032837,0.7175137400627136,-0.03557829558849335,0.5092934370040894,0.7256712913513184,-0.04545159265398979,0.5304418206214905,0.7311102151870728,-0.048784688115119934,0.5491165518760681,0.7345022559165955,-0.05071372166275978
0.4087875485420227,0.7330167293548584,2.3517870317846246e-07,0.42621690034866333,0.6838402152061462,-0.0005654777050949633,0.4560556709766388,0.641074538230896,-0.004333005286753178,0.4808730483055115,0.6117669939994812,-0.008477802388370037,0.4942551553249359,0.5823617577552795,-0.012699274346232414,0.45974087715148926,0.6295055150985718,-0.018442794680595398,0.4973840117454529,0.607669472694397,-0.03160426393151283,0.5215616226196289,0.5982104539871216,-0.038925427943468094,0.5424715876579285,0.5907196998596191,-0.043958261609077454,0.45924246311187744,0.6520912051200867,-0.026041509583592415,0.4977056682109833,0.6350092887878418,-0.039590124040842056,0.5244541764259338,0.6271262168884277,-0.046803366392850876,0.5484005212783813,0.62242591381073,-0.05190001800656319,0.4577222466468811,0.6822617053985596,-0.03318346291780472,0.49291831254959106,0.676021158695221,-0.04808799922466278,0.5183941721916199,0.6739732623100281,-0.0556296743452549,0.5412406325340271,0.6712918877601624,-0.060083240270614624,0.456063836812973,0.7167990207672119,-0.03979242965579033,0.4861980676651001,0.7223065495491028,-0.05378269404172897,0.5048506855964661,0.7264703512191772,-0.0601065494120121,0.5233179926872253,0.7291074991226196,-0.06373772025108337
0.4071652293205261,0.7307429909706116,2.5640989065323083e-07,0.425344318151474,0.6806889772415161,0.00010190161992795765,0.4539716839790344,0.6404749751091003,-0.002909428207203746,0.478416383266449,0.6120814085006714,-0.00671183317899704,0.4922039806842804,0.5842522978782654,-0.010689694434404373,0.4580671489238739,0.6336743831634521,-0.015915794298052788,0.4924767017364502,0.6091761589050293,-0.028890063986182213,0.5149917006492615,0.5967364311218262,-0.03652337193489075,0.5345430970191956,0.5870729088783264,-0.041768644005060196,0.457891583442688,0.6556459665298462,-0.023813650012016296,0.49131709337234497,0.6363710761070251,-0.03772223740816116,0.517052173614502,0.626150369644165,-0.045703206211328506,0.5410324335098267,0.6195579171180725,-0.05130404606461525,0.45626184344291687,0.6836791038513184,-0.03126826882362366,0.48754408955574036,0.6771129369735718,-0.04664819315075874,0.5108842849731445,0.6739446520805359,-0.05425965040922165,0.5315470695495605,0.6695711612701416,-0.058698199689388275,0.45371389389038086,0.7155393958091736,-0.038187604397535324,0.4802647829055786,0.7220667600631714,-0.052141815423965454,0.49821752309799194,0.726587176322937,-0.05808711051940918,0.5159382224082947,0.729855477809906,-0.06143800541758537
0.40781402587890625,0.733181357383728,2.2490924322937644e-07,0.42313307523727417,0.6836504936218262,-1.9855608115904033e-05,0.44952383637428284,0.641830325126648,-0.002809342462569475,0.47319793701171875,0.6125508546829224,-0.006220432464033365,0.4877479076385498,0.5845052599906921,-0.009670766070485115,0.4543759822845459,0.6364184021949768,-0.015763306990265846,0.4874224066734314,0.611618161201477,-0.02825465053319931,0.5091055631637573,0.5984938144683838,-0.03553520888090134,0.5277398824691772,0.5885791778564453,-0.040599483996629715,0.45486241579055786,0.6575998663902283,-0.023174092173576355,0.48668593168258667,0.638458788394928,-0.036283742636442184,0.5102010369300842,0.628221869468689,-0.043538376688957214,0.5314798355102539,0.6216791868209839,-0.04871312528848648,0.45386776328086853,0.6850987076759338,-0.03017432987689972,0.48353642225265503,0.6781401038169861,-0.044544417411088943,0.5053699612617493,0.6738178133964539,-0.05143382027745247,0.5243096351623535,0.6688388586044312,-0.05561983957886696,0.4518018960952759,0.716795802116394,-0.03669636324048042,0.4773811399936676,0.7226124405860901,-0.05043154954910278,0.49453863501548767,0.7261691093444824,-0.056412387639284134,0.5114158391952515,0.7285653948783875,-0.05980542302131653
0.39969727396965027,0.7439714670181274,1.8635108745002071e-07,0.4197320342063904,0.6939667463302612,-0.0005349941784515977,0.44416773319244385,0.6455861330032349,-0.0027166076470166445,0.46341249346733093,0.609851598739624,-0.005970666650682688,0.4784547984600067,0.581789493560791,-0.009207086637616158,0.4387057423591614,0.6397483348846436,-0.013438810594379902,0.46429699659347534,0.6101796627044678,-0.026548689231276512,0.48269757628440857,0.593703031539917,-0.0344889834523201,0.4999294877052307,0.580413281917572,-0.040087632834911346,0.4354196786880493,0.6581229567527771,-0.020978698506951332,0.45889124274253845,0.6346603631973267,-0.03517673537135124,0.47951534390449524,0.6233972907066345,-0.04280863702297211,0.4998106360435486,0.6158343553543091,-0.04790376499295235,0.4338299036026001,0.685347318649292,-0.028530610725283623,0.4572531580924988,0.6733106374740601,-0.044510722160339355,0.4769681692123413,0.668105959892273,-0.05139594152569771,0.49532991647720337,0.6636540293693542,-0.05484863370656967,0.43354368209838867,0.7184151411056519,-0.03583890199661255,0.4574298560619354,0.7210979461669922,-0.05102328956127167,0.4742373824119568,0.7241839170455933,-0.057481419295072556,0.4911799728870392,0.7264668941497803,-0.060691699385643005
0.400245726108551,0.7379335165023804,2.462460315655335e-07,0.42430371046066284,0.6911823749542236,-0.0011880522361025214,0.44678640365600586,0.644753634929657,-0.004699953366070986,0.46074432134628296,0.6077937483787537,-0.008880187757313251,0.47096484899520874,0.575849175453186,-0.01314312219619751,0.43745118379592896,0.6389376521110535,-0.01953047141432762,0.46205681562423706,0.6079095005989075,-0.035081200301647186,0.48098304867744446,0.5922783613204956,-0.04418008401989937,0.49821972846984863,0.57989501953125,-0.05004028230905533,0.4329759180545807,0.6573958396911621,-0.027088569477200508,0.45485827326774597,0.6337092518806458,-0.044287461787462234,0.476550430059433,0.6218369007110596,-0.052616626024246216,0.4969385862350464,0.6141318082809448,-0.05781750753521919,0.43057772517204285,0.6840344071388245,-0.03431057929992676,0.4519388675689697,0.6724967360496521,-0.05276227742433548,0.47132599353790283,0.6660657525062561,-0.059773996472358704,0.4885798990726471,0.6606885194778442,-0.06292814016342163,0.4302978813648224,0.715654194355011,-0.04112601280212402,0.4538355767726898,0.7164542078971863,-0.0572798065841198,0.4703713655471802,0.7190752029418945,-0.06315866857767105,0.48550400137901306,0.7215794324874878,-0.06587959080934525
0.399374395608902,0.735801100730896,2.256443281112297e-07,0.41975024342536926,0.6893497705459595,-0.0007180117536336184,0.44169872999191284,0.6428543329238892,-0.003843603190034628,0.45653000473976135,0.6065284013748169,-0.007689130492508411,0.4678492844104767,0.5765699744224548,-0.011664239689707756,0.4345104396343231,0.6378878951072693,-0.0187407024204731,0.4571228325366974,0.6068704724311829,-0.0333499051630497,0.47446832060813904,0.5910195708274841,-0.041594285517930984,0.49050790071487427,0.5786222815513611,-0.04693399742245674,0.4311545193195343,0.6555845141410828,-0.026307106018066406,0.4518950581550598,0.6316099166870117,-0.042632561177015305,0.47216588258743286,0.6180933117866516,-0.05050593242049217,0.4913364052772522,0.6089202165603638,-0.055449921637773514,0.42984071373939514,0.68182772397995,-0.03346782922744751,0.4493250250816345,0.6704745888710022,-0.05084183067083359,0.46675240993499756,0.6636707782745361,-0.05749397352337837,0.4824831485748291,0.6578719019889832,-0.06058580055832863,0.4304276704788208,0.7135970592498779,-0.04021906107664108,0.45176029205322266,0.7149766087532043,-0.05559031292796135,0.4673108160495758,0.7170091867446899,-0.061311427503824234,0.48215994238853455,0.7186962366104126,-0.06402936577796936
0.3958565890789032,0.7384011745452881,2.0997325123062183e-07,0.41858091950416565,0.6890853047370911,-0.0009513641707599163,0.4369424879550934,0.6411204934120178,-0.003334843786433339,0.44824621081352234,0.6047938466072083,-0.006566058378666639,0.45604684948921204,0.5771068334579468,-0.009849338792264462,0.4223841428756714,0.6339415907859802,-0.016238156706094742,0.4377216100692749,0.6001235246658325,-0.03056824393570423,0.4509284496307373,0.5794962048530579,-0.03948190435767174,0.4642349183559418,0.5624515414237976,-0.04557984694838524,0.41758596897125244,0.6504878401756287,-0.023884739726781845,0.4328962564468384,0.6206260323524475,-0.03929345682263374,0.4503224492073059,0.6032539010047913,-0.047463830560445786,0.46754375100135803,0.5916088819503784,-0.052796389907598495,0.415619820356369,0.6769298315048218,-0.03135257959365845,0.4326564073562622,0.6594942808151245,-0.04837436228990555,0.44701525568962097,0.6499767899513245,-0.05549981817603111,0.46010783314704895,0.6427749395370483,-0.0588509626686573,0.4164782762527466,0.7096154689788818,-0.03857449069619179,0.4359776973724365,0.7057012915611267,-0.05446529760956764,0.4504794180393219,0.7051129341125488,-0.06088095158338547,0.46434929966926575,0.7055497765541077,-0.06396863609552383
0.39492449164390564,0.7389658093452454,2.514341872483783e-07,0.42096471786499023,0.6951290965080261,-0.002618486061692238,0.43642109632492065,0.651216447353363,-0.007489068433642387,0.44493284821510315,0.61892169713974,-0.012863748706877232,0.4533083140850067,0.5954411625862122,-0.019033167511224747,0.42182621359825134,0.6362385153770447,-0.024053441360592842,0.4359463155269623,0.5997600555419922,-0.04029553383588791,0.448959618806839,0.5782182216644287,-0.05074656009674072,0.4622162878513336,0.5601280927658081,-0.05807298421859741,0.4154110252857208,0.6530246138572693,-0.031590331345796585,0.42691516876220703,0.6224302053451538,-0.04918837174773216,0.44380706548690796,0.6037048101425171,-0.058297786861658096,0.46124210953712463,0.590242862701416,-0.06458760052919388,0.4113580882549286,0.6791733503341675,-0.03864704817533493,0.42469191551208496,0.6597611308097839,-0.057087916880846024,0.4396844208240509,0.6470291018486023,-0.0651187151670456,0.4538940191268921,0.6390078663825989,-0.06966599822044373,0.4111279845237732,0.7108651399612427,-0.0455172173678875,0.42899051308631897,0.7060577273368835,-0.06346743553876877,0.44487476348876953,0.703445315361023,-0.07099428027868271,0.45950162410736084,0.7029904723167419,-0.07515836507081985
0.3934262990951538,0.7416223883628845,2.3657602810089884e-07,0.4186931252479553,0.6992110013961792,-0.0032171672210097313,0.4332384169101715,0.6530356407165527,-0.007316695060580969,0.441103994846344,0.6178182363510132,-0.011732327751815319,0.44932249188423157,0.5901923179626465,-0.016795039176940918,0.41850030422210693,0.637562096118927,-0.022892149165272713,0.43184685707092285,0.599914014339447,-0.03845122084021568,0.4443401098251343,0.577228307723999,-0.048341162502765656,0.4569800794124603,0.5583301186561584,-0.05535408481955528,0.4113284945487976,0.6533141732215881,-0.029745031148195267,0.4214010536670685,0.6207274198532104,-0.046546950936317444,0.43860772252082825,0.6028109788894653,-0.0550675205886364,0.4565117657184601,0.5902474522590637,-0.060807935893535614,0.40750283002853394,0.6787512302398682,-0.03632768988609314,0.41914257407188416,0.6576019525527954,-0.054352834820747375,0.43466466665267944,0.6453706622123718,-0.06242779269814491,0.4497869312763214,0.6375969052314758,-0.06690225750207901,0.40775397419929504,0.7100673913955688,-0.04282423481345177,0.42486390471458435,0.7055729031562805,-0.060724079608917236,0.43995633721351624,0.7032246589660645,-0.06871169060468674,0.45471200346946716,0.7025364637374878,-0.07310950011014938
0.39318811893463135,0.7419168949127197,2.0709947534669482e-07,0.42265692353248596,0.691656768321991,-0.005645113065838814,0.43571576476097107,0.6390622854232788,-0.009010805748403072,0.4400094151496887,0.5999011993408203,-0.012510326690971851,0.4441002309322357,0.5678779482841492,-0.016486888751387596,0.41441211104393005,0.634615421295166,-0.020656727254390717,0.4245429039001465,0.6004771590232849,-0.03659532964229584,0.43439555168151855,0.5785600543022156,-0.047427285462617874,0.44542545080184937,0.5577191114425659,-0.055410634726285934,0.40580329298973083,0.6522672176361084,-0.02670201286673546,0.4102320075035095,0.6230984926223755,-0.044281959533691406,0.42231297492980957,0.6045129895210266,-0.05480891093611717,0.4359402656555176,0.5881196856498718,-0.06254582852125168,0.40179574489593506,0.6779245138168335,-0.033066749572753906,0.4067956209182739,0.6591130495071411,-0.05291379615664482,0.4175473749637604,0.6452046036720276,-0.0631495863199234,0.4290517568588257,0.6335246562957764,-0.06926330178976059,0.4029744863510132,0.7087917923927307,-0.039615221321582794,0.41630780696868896,0.7024714946746826,-0.05862089619040489,0.4302755892276764,0.7006843090057373,-0.06811095774173737,0.44496381282806396,0.7003539800643921,-0.07405706495046616
0.394021213054657,0.742917001247406,1.9325575806306006e-07,0.4238148033618927,0.6926461458206177,-0.004761527292430401,0.43563342094421387,0.6385937333106995,-0.008181320503354073,0.44065508246421814,0.5987425446510315,-0.011901265941560268,0.446852445602417,0.5677690505981445,-0.016366051509976387,0.41372114419937134,0.6351790428161621,-0.02056938409805298,0.42311301827430725,0.5999495983123779,-0.03625025972723961,0.4325002431869507,0.5771582722663879,-0.04727230221033096,0.44237807393074036,0.5554755926132202,-0.0553969107568264,0.4057416319847107,0.6536077260971069,-0.026863304898142815,0.40915441513061523,0.6243373155593872,-0.04357965290546417,0.42016229033470154,0.6056147813796997,-0.05378696322441101,0.4317418336868286,0.588462233543396,-0.06149154156446457,0.4021926820278168,0.6787179708480835,-0.03325318172574043,0.40636804699897766,0.6589344143867493,-0.05211617052555084,0.41562044620513916,0.6437039971351624,-0.06184076517820358,0.4247379004955292,0.6306082606315613,-0.06796082109212875,0.40403568744659424,0.7080647349357605,-0.03975972905755043,0.4178485870361328,0.7017936706542969,-0.05754704773426056,0.4316653311252594,0.7004184126853943,-0.06599128991365433,0.4450526237487793,0.7004573345184326,-0.07143465429544449
0.3926909267902374,0.7467604279518127,2.084344572494956e-07,0.42325711250305176,0.6944679617881775,-0.005412683822214603,0.43531733751296997,0.6394938826560974,-0.009539362043142319,0.4393308162689209,0.5991093516349792,-0.013846511952579021,0.44489699602127075,0.5673139691352844,-0.01903926394879818,0.4121220111846924,0.6374393105506897,-0.02377166412770748,0.42182421684265137,0.6015332937240601,-0.04095931351184845,0.4315653145313263,0.578209638595581,-0.05257205665111542,0.4417645037174225,0.5558081865310669,-0.061012670397758484,0.4031761884689331,0.6562215685844421,-0.030475063249468803,0.4070068895816803,0.626481294631958,-0.0491468608379364,0.41850709915161133,0.6064809560775757,-0.06037519499659538,0.43057289719581604,0.5874367952346802,-0.06867974996566772,0.39930546283721924,0.6822712421417236,-0.03721536695957184,0.4035835266113281,0.6617291569709778,-0.058124296367168427,0.41349220275878906,0.6453045010566711,-0.06887508928775787,0.423485666513443,0.6300534605979919,-0.07546684145927429,0.4009680151939392,0.7128085494041443,-0.043987937271595,0.4139908254146576,0.7044388651847839,-0.06346391886472702,0.42878028750419617,0.7013005614280701,-0.07278095185756683,0.44392532110214233,0.6992042660713196,-0.07877925783395767
